{
    "lastUpdated":"17/12/2024",
    "logCacheLimit": 50,
    "schemaCacheLimit": 10,
    "garbageCollectionInterval": 300000,
    "filters":[
        {
            "title":"azureEventHub",
            "description":"",
            "criteriaRules":[
                [
                    {
                        "regex":"(?<=\\|)(.*?)(?=\\|)",
                        "condition":">5"
                    },
                    {
                        "regex":"original_message"
                    },
                    {
                        "regex":"image\\.binary"
                    }
                ]
            ],
            "parsingRules":[
                "_src;'(.*?)original_message'->reg->_before_om",
                "_before_om;'^(.*?)(?=\\|)'->reg->_out.header",
                "_before_om;'(?<=\\|)(?!original_message)(.*?)(?=\\=)'->reg->_keys",
                "_before_om;'(?<=\\=)(?<!original_message\\=)([^\\|]*?)(?=\\|)'->reg->_values",
                "_src;'(?<=\\|)(original_message)(?=\\=)'->reg->_o_key",
                "_src;'(?<=original_message\\=)([^\\|]*?)(?=\\|)'->reg->_o_value",
                "_o_value;'json'->con->_o_value",
                "_keys;_values->kvp->_out.summary",
                "_o_key;_o_value->kvp->_out.log"
            ],
            "format":"json"
        },
        {
            "title":"XML",
            "description":"",
            "criteriaRules":[
                [
                    {
                        "regex":"^<Event(.*)<\\/Event>$|^<aie(.*)<\\/aie>$",
                        "caseInsensitive":true
                    }
                ]
            ],
            "parsingRules":[
                "_src;'xml'->byp->_out"
            ],
            "format":"xml"
        },
        {
            "title":"offie365+dataindexer+APITenable.ioScanner",
            "description":"",
            "criteriaRules":[
                [
                    {
                        "regex":"^TS=|^\\?TS"
                    },
                    {
                        "regex":"\\=",
                        "condition":">5"
                    }
                ],
                [
                    {
                        "regex":"^[0-9-]{10}\\s[0-9:.]{12}"
                    },
                    {
                        "regex":"CODE\\="
                    },
                    {
                        "regex":"MESSAGE\\="
                    }
                ],
                [
                    {
                        "regex":"LOGTYPE\\="
                    },
                    {
                        "regex":"EVT_T\\="
                    },
                    {
                        "regex":"EVT_TYP\\="
                    }
                ],
                [
                    {
                        "regex":"HOSTIP=[\\w\\s_\\-\\.]+NETBIOSNAME=[\\w\\s_\\-\\.]+HOSTOS=[\\w\\s_\\-\\.]+PORT=[\\w\\s_\\-\\.]+PROTOCOL=[\\w\\s_\\-\\.]+SERVICE=[\\w\\s_\\-\\.]+SEVERITY=[\\w\\s_\\-\\.]+",
                        "caseInsensitive":true
                    }
                ]
            ],
            "parsingRules":[
                "_src;'[A-Z_]+(?=\\=)'->reg->_keys",
                "_src;'(?<=\\=)(.*?)(?=[A-Z_]+\\=|$)'->reg->_values",
                "_values->trm->_values",
                "_values;'json'->con->_values",
                "_keys;_values->kvp->_out.log"
            ],
            "format":"json"
        },
        {
            "title":"Zscaler Nano Streaming Service",
            "description":"",
            "criteriaRules":[
                [
                    {
                        "regex":"dns_reqtype=|urlSuperCat=|threatcat="
                    }
                ]
            ],
            "parsingRules":[
                "_src;'^.*?(?=\\s\\w+\\=)'->reg->_out.header",
                "_src;'\\w+(?=\\=)'->reg->_keys",
                "_src;'(?<=\\=)(.*?)(?=\\w+\\=|$)'->reg->_values",
                "_values->trm->_values",
                "_keys;_values->kvp->_out.log"
            ],
            "format":"json"
        },
        {
            "title":"Cisco ISE",
            "description":"",
            "criteriaRules":[
                [
                    {
                        "regex":"<\\w{4}:\\w{4}>"
                    },
                    {
                        "regex":", \\w+=\\w+,",
                        "condition":">5"
                    }
                ]
            ],
            "parsingRules":[
                "_src;'(?<=,|^)(.*?)(?=,|$)'->reg->_kvp",
                "_kvp;'0';'1'->sli->_out.header",
                "_kvp;'1'->sli->_kvp",
                "_kvp;'^.*(?=\\=)'->reg->_keys",
                "_keys->trm->_keys",
                "_kvp;'(?<=\\=).*$'->reg->_values",
                "_keys;_values->kvp->_out.content"
            ],
            "format":"xml"
        },
        {
            "title":"cisco asa",
            "description":"Unable To Communicate With Authentication Server",
            "criteriaRules":[
                [
                    {
                        "regex":"^.*%(.*?):"
                    },
                    {
                        "regex":":\\s\\w+\\s=",
                        "condition":">1"
                    }
                ]
            ],
            "parsingRules":[
                "_src;'^.*%(.*?):'->reg->_out.header",
                "_src;_out.header;''->rep->_out.raw",
                "_out.raw->trm->_out.raw",
                "_out.raw;'(?<=:)(.*?)(?=\\=)'->reg->_keys",
                "_out.raw;'(?<=\\=)(.*?)(?=:|$)'->reg->_values",
                "_keys->trm->_keys",
                "_values->trm->_values",
                "_keys;_values->kvp->_out.parsed"
            ],
            "format":"json"
        },
        {
            "title":"cisco asa",
            "description":"PMTU-D Packet Greater Than Effective MTU",
            "criteriaRules":[
                [
                    {
                        "regex":"PMTU-D packet"
                    }
                ]
            ],
            "parsingRules":[
                "_src;'^.*%(.*?):'->reg->_out.header",
                "_src;_out.header;''->rep->_content",
                "_content;'(?<=\\=|^)(.*?)(?=,|$)'->reg->_values",
                "_values->trm->_values",
                "'desc,dest_addr,src_addr,prot';','->spl->_keys",
                "_keys;_values->kvp->_out.content"
            ],
            "format":"json"
        },
        {
            "title":"cisco asa",
            "description":"Connection Is Down",
            "criteriaRules":[
                [
                    {
                        "regex":"^.*%(.*?):"
                    },
                    {
                        "regex":"Local:.*Remote:.*Username:.*Reason:.*"
                    }
                ]
            ],
            "parsingRules":[
                "_src;'^.*%(.*?):'->reg->_out.header",
                "_src;_out.header;''->rep->_content",
                "_content;'(?<=Local:|Remote:|Username:|Reason:)(.*?)(?=Local:|Remote:|Username:|Reason:|$)'->reg->_values",
                "_values->trm->_values",
                "'Local,Remote,Username,Reason';','->spl->_keys",
                "_keys;_values->kvp->_out.content"
            ],
            "format":"json"
        },
        {
            "title":"cisco asa",
            "description":"General Alert-Certificate",
            "criteriaRules":[
                [
                    {
                        "regex":"^.*%(.*?):"
                    },
                    {
                        "regex":"Expiration.*Subject Name.*Issuer Name.*Serial Number"
                    }
                ]
            ],
            "parsingRules":[
                "_src;'^.*%(.*?):'->reg->_out.header",
                "_src;_out.header;''->rep->_content",
                "_content;'(?<=Expiration|Subject Name|Issuer Name|Serial Number|^)(.*?)(?=Expiration|Subject Name|Issuer Name|Serial Number|$)'->reg->_values",
                "_values->trm->_values",
                "'Description,Expiration,Subject Name,Issuer Name,Serial Number';','->spl->_keys",
                "_keys;_values->kvp->_out.content"
            ],
            "format":"json"
        },
        {
            "title":"cisco asa",
            "description":"meraki",
            "criteriaRules":[
                [
                    {
                        "regex":"^.*%(.*?):"
                    },
                    {
                        "regex":"security_event security_filtering_file_scanned"
                    }
                ]
            ],
            "parsingRules":[
                "_src;'^.*$'->reg->_out.unparsed"
            ],
            "format":"json"
        },
        {
            "title":"cisco asa",
            "description":"generic",
            "criteriaRules":[
                [
                    {
                        "regex":"^.*%(.*?):"
                    }
                ]
            ],
            "parsingRules":[
                "_src;'^.*%(.*?):'->reg->_out.header",
                "_src;_out.header;''->rep->_out.content",
                "_out.content->trm->_out.content"
            ],
            "format":"json"
        }
    ]
}
